sentence,label
"The project faced delays.", Situation
"I streamlined the workflow.", Action
"We finished ahead of schedule.", Result
"In my last position where I worked as a recruiter, we got into a high-demand hiring season where we had to fill in several key positions across several departments simultaneously.", Situation
"At first, I didn’t know what to focus on, as I was in charge of managing open positions and moving candidates through the hiring process effectively.", Task
"I decided to structure my approach and began by researching each position thoroughly to gauge the urgency and criticality of the role. It helped me prioritize and allocate resources accordingly. I made strategic use of our applicant tracking system to streamline the sourcing and screening processes to filter out only the best, relevant candidates. I also used industry-specific platforms and forums to track people.", Action
"This helped me meet the hiring goals and decrease the time needed for hiring. 2 years later, all the people I hired then are still in the company, which proves they were a good fit.", Result
"Last year, my team got a big ad-hoc project from one of our main clients.", Situation
"The deadline was tight, and we had to conceptualize and create 30+ BFCM promo emails.", Task
"As soon as we got the brief, I scheduled a meeting to organize and divide the workload and set clear timelines. I prioritized tasks based on the email’s scheduling date and offer importance. I established the order of operations, and we had a clear process on who was doing what and when. Still, there were times when we had to improvise but transparent communication made it easy. Each person was like a piece of a puzzle and we worked tirelessly.", Action
"It was like watching a well-organized sports team — their efficiency was admirable. We finished all emails on time and generated $850K in revenue from them. The client was thrilled.", Result
"Two years ago, I wanted to integrate some practical, real-world examples into classes and courses.", Situation
"I especially wanted to do this in my lessons and I wanted my students to get some hands-on experience in marketing.", Task
"For this, I thought about involving a local retail business. So I had to convince my coworkers, teachers, and school administration to apply this unconventional approach. To make it convincing and enjoyable, I created a mini-game where teachers would play the role of students engaging in a simulated marketing project. Before the game, during the presentation, I put a lot of emphasis on how students could benefit from this and apply their theoretical knowledge to real-world situations.", Action
"They appreciated my efforts and ideas and agreed to explore the possibility of collaborating with one of our local businesses. Eventually, we did manage to make it happen, and I learned how important it is to be relatable, creative, and fun when pitching new ideas.", Result
"I worked in an internal marketing department in a marketing agency. We used to launch quarterly reports about industry trends and events that shaped the previous quarter.", Situation
"During a particularly busy season, the entire company was focused on client work. My coworker and Iwere left to write, design, publish, and promote the report without any help.", Task
"We decided to split the tasks: I wrote the report, she edited it and added insights from industry experts we got in touch with. She designed the report, and I wrote the copy for the landing page and other promotional materials. Finally, we found a simple drag-and-drop page builder and created the landing page, connected it to our website and email service provider, and tested everything. Everything went pretty smoothly, and we managed to publish the report on time, as if nothing had happened.", Action
"We got a lot of positive feedback from the readers. I realized I wouldn’t have been able to do it all by myself, and this experience taught me how important it is to work with someone you trust.", Result
"I was working as a retail manager at a department store during prom season. A customer purchased a dress online and had it delivered to the store. One of my associates accidentally put the dress out on the floor, where another customer immediately purchased it.", Situation
"I knew I needed to make this right for the customer to meet my own service level standards and to uphold the reputation of the company.", Task
"Before calling the customer to let her know about the mistake, I located the same dress at another store location nearby. I ordered it to be pressed and delivered to her home the morning of prom, along with a gift card to thank her for her understanding.", Action
"The customer was so thankful, she wrote us a five-star review on several review sites.", Result
"In my previous job as an account executive, one of my co-workers quit immediately after signing the biggest client our firm had ever taken on.", Situation
"Although I was already managing a full load of accounts, I was assigned this new client as well. I knew the stakes were high and if we lost this deal, then we wouldn’t hit our quarterly goal.", Task
"I first took some measures to destress. Then I carefully evaluated and restructured my task list to make sure I could manage all my duties. Because of this, I was able to make myself completely available to the client and I also sacrificed some evenings and weekends to take calls until the project was delivered.", Action
"The client was so impressed with my dedication, they immediately signed an annual contract that netted our company $5 million.", Result
"I was working as an intern for an events company, and I was responsible for ordering the floral arrangements for a private event hosted by a high-profile client. Unfortunately, I mixed up the information from another event, and the flowers were delivered to the wrong venue on the other side of town.", Situation
"I took this very seriously and knew I needed to find a solution quickly as we were working on a tight deadline.", Task
"After considering a few different ways to resolve the issue. I admitted my mistake to my boss and informed them of my plan and why I thought it was the best course of action. I took an early lunch break, drove to the other venue, picked up the flowers and delivered them to the appropriate venue an hour before the event.", Action
"The client never knew about my mix-up, and my boss was very grateful.", Result
"In my previous job, we were tasked with launching a new product, and it required collaboration across multiple departments.", Situation
"My role was coordinating with the marketing, sales, and design teams to ensure we were all aligned with the product launch plan.", Task
"I organized weekly meetings to update everyone on progress and address any issues. I also created a shared timeline accessible to all team members.", Action
"The product launched successfully on time, and the collaboration across departments was praised by upper management, leading to a 20% increase in initial sales", Result
"During a critical project, one of my team members did not meet deadlines, which affected the entire team.", Situation
"As the team leader, I needed to address the issue while maintaining team morale.", Task
"I had a one-on-one discussion with the team member to understand their challenges. We adjusted their workload and set up regular check-ins to ensure they stayed on track.", Action
"Their performance improved significantly, and we completed the project on schedule, receiving positive feedback from the client.", Result
"Two team members had a disagreement about the direction of a project, which started to affect their collaboration.", Situation
"As the project manager, it was my responsibility to resolve the conflict and ensure the project stayed on track.", Task
"I facilitated a meeting where both parties could voice their concerns. We worked together to find a compromise that satisfied both team members and was in the project's best interest.", Action
"The conflict was resolved, and the team worked cohesively, leading to the successful completion of the project.", Result
"Our team was tasked with developing a new marketing campaign under a tight deadline.", Situation
"My role was to oversee the creative process and ensure that all deliverables were completed on time.", Task
"I introduced a more efficient workflow by implementing project management software and ensuring clear communication between team members.", Action
"The campaign was delivered ahead of schedule, resulting in a 15% increase in customer engagement.", Result
"We had to submit a major project to a client within two weeks, but several key elements were still incomplete.", Situation
"I was responsible for coordinating the team's efforts to meet the deadline.", Task
"I divided the work into manageable tasks and assigned them to team members based on their strengths. I also arranged daily check-ins to monitor progress.", Action
"We met the deadline, and the client was highly impressed with the quality of the work, leading to additional business opportunities.", Result
"In my previous role, I noticed that our invoicing process was causing delays in payments, leading to cash flow issues.", Situation
"I needed to streamline the invoicing process to ensure timely payments and improve cash flow.", Task
"I analyzed the existing process and identified several bottlenecks, including manual data entry and lack of automated reminders. I introduced an automated invoicing system that integrated with our accounting software, reducing the need for manual input and sending automatic payment reminders.", Action
"The new system reduced invoice processing time by 50%, and we saw a significant improvement in cash flow, with a 30% increase in on-time payments.", Result
"Our company faced a sudden budget cut, which threatened the continuation of a key project.", Situation
"I needed to find a way to continue the project with limited resources.", Task
"I reevaluated the project plan and identified non-essential tasks that could be postponed or eliminated. I also negotiated with vendors to reduce costs.", Action
"We completed the project under the new budget, and it still met all the critical objectives, receiving praise from stakeholders.", Result
"During a routine review, I discovered that our customer support team was consistently missing their response time targets.", Situation
"I needed to identify the cause and implement a solution to improve response times.", Task
"I thoroughly analyzed the team's workflow and identified inefficiencies in the ticketing system. I introduced a new system and provided additional training.", Action
"Response times improved by 30%, and customer satisfaction ratings increased.", Result
"I was working on a project when we received last-minute data that changed the direction of our strategy.", Situation
"I had to quickly analyze the new data and decide whether to adjust our approach.", Task
"I gathered the team, reviewed the data, and brainstormed potential solutions. I then decided to pivot the project based on the new information.", Action
"The decision paid off, and the project was successful, achieving better results than originally anticipated.", Result
"I noticed that our sales were declining due to increasing competition.", Situation
"My goal was to develop a strategy to prevent further declines and regain our market position.", Task
"I conducted market research to understand the competition's strengths and weaknesses and developed a new marketing campaign to highlight our unique selling points.", Action
"Sales rebounded within three months, and we regained our market share.", Result
"Our department was tasked with launching a new product line, but we lacked a clear direction.", Situation
"I volunteered to lead the project and develop a strategy.", Task
"I created a detailed project plan, assigned roles and responsibilities, and set up regular progress meetings.", Action
"The project was completed on time, and the new product line exceeded sales expectations by 20% in the first quarter.", Result
"Our team was struggling with low morale after a series of setbacks.", Situation
"As the team leader, I needed to boost morale and get the team back on track.", Task
"I organized a team-building activity to improve communication and collaboration, and I implemented a recognition program to celebrate small wins.", Action
"Team morale improved significantly, and we were able to meet our project deadlines.", Result
"We had a challenging sales target to meet, and the team was feeling overwhelmed.", Situation
"As the sales manager, I needed to motivate the team to stay focused and achieve the target.", Task
"I set up a rewards system for hitting milestones, provided regular encouragement, and offered additional training to boost confidence.", Action
"The team exceeded the sales target by 15%, and morale was high throughout the process.", Result
"I had to cut a popular program due to budget constraints.", Situation
"It was my responsibility to communicate the decision to the team and manage their reactions.", Task
"I held a meeting to explain the reasons behind the decision and outlined a plan to reallocate resources to other important initiatives.", Action
"While the decision was initially unpopular, the team understood the necessity, and we were able to redirect our focus to more critical areas.", Result
"I noticed that our team's project management system was outdated and causing delays.", Situation
"I decided to take the initiative to find a better solution.", Task
"I researched new project management tools, presented my findings to the team, and led the implementation of the new system.", Action
"The new system improved efficiency by 25%, and projects were completed faster and with fewer errors.", Result
"Our company underwent a major restructuring that affected my role and responsibilities.", Situation
"I needed to quickly adapt to the new structure and take on additional responsibilities.", Task
"I took the initiative to learn the new processes and proactively sought feedback to ensure I was meeting expectations.", Action
"I successfully adapted to the changes and even received a promotion within six months.", Result
"I was asked to take over a project in an unfamiliar domain.", Situation
"I needed to quickly learn the new subject matter to manage the project effectively.", Task
"I dedicated extra hours to studying the domain, attended relevant workshops, and consulted with experts to get up to speed.", Action
"I successfully managed the project, which was completed on time and met all client expectations.", Result
"I was juggling multiple projects with overlapping deadlines.", Situation
"My goal was to ensure that all projects were completed on time without compromising quality.", Task
"I prioritized tasks based on urgency and importance, delegated where possible, and maintained clear communication with all stakeholders.", Action
"All projects were delivered on time, and the quality met or exceeded expectations.", Result
"A marketing campaign I was leading was not generating the expected results.", Situation
"I needed to reevaluate our strategy and make adjustments to improve the campaign's performance.", Task
"I analyzed the campaign data, identified weaknesses, and implemented a new approach focusing on a different target audience and revised messaging.", Action
"The adjusted campaign led to a 30% increase in engagement, and we achieved our goals within the revised timeline.", Result
"I was working on a major project when we were informed of a new, highpriority task that required immediate attention.", Situation
"I had to quickly adjust my priorities to accommodate the new task without neglecting the original project.", Task
"I reassessed my workload, delegated some tasks, and focused on completing the highpriority task first.", Action
"Both the highpriority task and the original project were completed on time and to a high standard.", Result
"We received a lastminute request from a client for an urgent report.", Situation
"I was responsible for delivering the report within 24 hours.", Task
"I immediately gathered the necessary data, prioritized tasks, and worked late to ensure the report was accurate and delivered on time.", Action
"The report was delivered on time, and the client was impressed with the quick turnaround and quality of work.", Result
"I was managing several client accounts, each with different deadlines and requirements.", Situation
"My goal was to ensure that all tasks were completed on time and met the client's expectations.", Task
"I created a detailed schedule, set clear priorities, and used time management tools to keep track of progress.", Action
"All tasks were completed on time, and clients were satisfied with the outcomes.", Result
"During the holiday season, our workload doubled, and we were shortstaffed.", Situation
"I needed to manage my time effectively to handle the increased workload.", Task
"I focused on highimpact tasks, delegated where possible, and worked extra hours to ensure everything was completed.", Action
"We successfully handled the increased workload, and I was commended for my dedication and efficiency.", Result
"I was working on multiple projects, all with competing deadlines.", Situation
"My challenge was to prioritize my tasks to ensure that the most critical projects were completed first.", Task
"I assessed the urgency and importance of each task, communicated with stakeholders to set realistic expectations, and focused on the most critical tasks first.", Action
"All critical tasks were completed on time, and I managed to balance my workload effectively.", Result
"I set a goal to complete a certification course while working fulltime.", Situation
"I needed to manage my time effectively to balance work, study, and personal commitments.", Task
"I created a strict schedule, dedicated specific hours each day to studying, and stuck to my plan.", Action
"I completed the certification course on time and even applied the new skills to improve my performance at work.", Result
"I needed to explain a technical process to a client who had no technical background.", Situation
"My goal was to ensure the client understood the process without feeling overwhelmed.", Task
"I broke down the process into simple steps, used analogies to make it relatable, and encouraged questions to clarify any confusion.", Action
"The client gained a clear understanding of the process, and we successfully moved forward with the project.", Result
"We had a major update to our project plan that needed to be communicated to the entire team.", Situation
"As the project manager, I was responsible for ensuring everyone was informed and understood the changes.", Task
"I held a team meeting to explain the updates, provide a written summary, and address any questions or concerns.", Action
"The team was wellinformed and adapted to the changes smoothly, allowing the project to continue without disruption.", Result
"I proposed a new strategy to improve our marketing efforts, but my manager was initially skeptical.", Situation
"I needed to persuade my manager to approve the new strategy.", Task
"I presented data to support my proposal, highlighted the potential benefits, and addressed my manager's concerns.", Action
"My manager approved the strategy, and it led to a 15% increase in customer engagement.", Result
"I had to inform a client that a project would be delayed due to unforeseen issues.", Situation
"My responsibility was to communicate the delay while maintaining the client's trust.", Task
"I contacted the client immediately, explained the reasons for the delay, and provided a revised timeline with solutions to prevent further delays.", Action
"The client appreciated the transparency and remained satisfied with our service.", Result
"A team member was frustrated with their workload and was not performing well.", Situation
"I needed to understand their concerns and find a solution.", Task
"I scheduled a meeting to listen to their issues without interrupting, asked clarifying questions, and worked together to redistribute tasks.", Action
"The team member's performance improved, and they felt more supported in their role.", Result
"I was assigned to lead a small internal project with tight deadlines.", Situation
"My goal was to complete the project on time and within budget.", Task
"I worked efficiently, identified areas where we could streamline processes, and delivered the project ahead of schedule.", Action
"The project was completed not only on time but also under budget, and I received recognition from upper management.", Result
"I volunteered to take on a leadership role in a new initiative that was outside my usual responsibilities.", Situation
"My challenge was to lead a team in developing a new product concept.", Task
"I conducted market research, led brainstorming sessions, and coordinated with various departments to bring the concept to life.", Action
"The new product was launched successfully and became one of our bestsellers.", Result
"We were working on a project for a major client, and I wanted to ensure we delivered exceptional results.", Situation
"I aimed to exceed the client's expectations by adding extra value to the project.", Task
"I stayed late to refine the final presentation, added additional features, and conducted thorough testing to ensure everything was perfect.", Action
"The client was extremely pleased with the outcome, and we secured a longterm contract with them.", Result
"I set a goal to increase our social media engagement by 50% within six months.", Situation
"I needed to develop and implement a strategy to reach this goal.", Task
"I revamped our content strategy, introduced new types of posts, and engaged more actively with our audience.", Action
"We achieved a 60% increase in engagement within the timeframe, surpassing our original goal.", Result
"We faced a major setback when a key client decided to end their contract.", Situation
"My task was to retain the client or find a way to turn the situation to our advantage.", Task
"I reached out to the client to understand their concerns and offered a revised contract with added benefits.", Action
"The client agreed to stay with us, and the revised contract led to a stronger, more profitable relationship.", Result
"When there are team disagreements or difficulties, I always do my hardest to step in and lead the team if necessary.", Situation
"My communication abilities, I believe, make me a good leader and moderator. When I was working on a team project, for example, two of the team members got into a disagreement and refused to finish their assignments.", Task
"They were both unsatisfied with their workloads, so I convened a team meeting in which we redistributed all of the team's responsibilities.", Action
"Everyone was happier and more productive as a result, and our project was a success.", Result
"Last winter, I worked as an account coordinator at an ad agency, assisting the account executive for a large client. Three weeks before a major campaign pitch, the account executive was involved in an accident and was forced to take time off.", Situation
"I stepped in to fill in and manage the presentation by coordinating the creative and media teams' contributions. I convened an emergency meeting and conducted a discussion regarding ad scenarios, media strategies, and the various team members' duties in connection to the presentation.", Task
"I was able to bring the team together on two key ad concepts that we needed to propose, as well as associated media plans. Based on our conversations, I set out a minute-by-minute strategy for how we would deliver the pitch, which was well welcomed by the team.", Action
"Our strategy was well received by the customer, and the campaign was implemented. Six months later, I was promoted to account executive.", Result
"While I prefer to plan out my work in stages and execute it one at a time, I can also produce high-quality work under time constraints. At one of my previous employers, an employee departed only days before a project's deadline.", Situation
"With only a few days to learn about and complete the project, I was expected to take responsibility for it.", Task
"I formed a task force and distributed tasks.", Action
"We all finished the job on time. In fact, I feel I do best while working under pressure.", Result
"When I first transitioned into a sales role at company X, I was a bit shy of meeting my first-quarter sales target.", Situation
"This motivated me to not only meet my sales target during my second quarter but exceed it.", Task
"I broke my goal down into smaller weekly goals and changed my sales strategy. I leveraged social selling to find new customers and develop relationships with them. I also asked my sales manager to coach me on my closing techniques and objection handling.", Action
"With this new strategy, I exceeded my sales target by 10%.", Result
"Shortly after I was promoted to senior project manager, I was in charge of leading a project for a major client. This project would typically take about a month to complete, but the client was in a rush and asked if I could have it ready in three weeks.", Situation
"Excited that it was my first project, I agreed. Shortly after, I realized I'd need a bit more time to finish it and deliver quality work.", Task
"I reached out to the client right away and apologized. I also asked for a three-day extension, and they were generous enough to extend the deadline.", Action
"I managed to finish the project and deliver it before the extended deadline. However, I learned to manage my time better and never overpromise on something I can’t deliver.", Result
"I recently led a brainstorming session. The purpose of this session was to create a brand awareness campaign for a product my company was launching.", Situation
"One of my teammates and I disagreed on what direction we should take for the campaign. I wanted to focus more on maximizing social media presence, and he wanted to go the brand partnership route.", Task
"I asked my colleague to have a one-on-one meeting with me. I asked him to share his ideas and perspective. After listening and offering constructive criticism and feedback, I shared my ideas.", Action
"The conversation helped me see blind spots in my strategy and improve it. I also persuaded my coworker to get on board with my strategy by explaining its rationale. As a result, I merged our ideas and created a successful brand awareness campaign. Our social media engagement and website traffic both saw an increase of over 40%.", Result
"In my previous job as an event coordinator, I worked with a team of five to plan and execute company events and conferences. Last year, we collaborated on the company’s annual holiday party for over 500 employees.", Situation
"There were so many moving pieces. Everyone on our team had different responsibilities, but we all had to work as one unit to bring the party to life.", Task
"Even though I was the most junior person on the team, I organized a project management system that would allow us to check in with each other daily. They’d never done this before, but everyone loved the virtual task-tracking features.", Action
"Thanks to the new system, our team meetings were far more productive and we ended up ahead of schedule. Ultimately, our team’s collaboration led to what our CEO called the best holiday party he had ever attended.", Result
"While working as a client success manager at a tech company, one of my colleagues left the company for a new opportunity. My manager asked me to take on some of her responsibilities.", Situation
"I had to reprioritize my own clients and projects to make room for her most important ones. It was overwhelming at first, with so many tasks to juggle and my unfamiliarity with my colleague’s book of business.", Task
"I worked through my responsibilities and reprioritized them based on the company’s goals, my availability, and other factors (with a bit of input from my manager). I also came up with ways to automate certain tasks to free up more of my time.", Action
"Thanks to new automation efforts and successful prioritizing, none of our clients realized that there had been an internal shift at the company. Our team’s high quality of service was maintained — and I became more efficient in the process.", Result
"When I was a manager at Cafe X, we would always get a lot more customers than usual during the summer. It would almost always be packed, and sometimes, there were not enough servers to handle the work. And if someone got sick or unexpectedly could not show up - things were only worse.", Situation
"So, I had to come up with a system so that we would not get overwhelmed during those 3+ months.", Task
"To make sure we were prepared, I realized we needed a better schedule. For the next summer, I had a very strict shift schedule ready, and a reward system in case someone couldn’t show up for their shift. If someone called in sick, whoever filled in for them would be rewarded with extra pay. And if there was absolutely no one else available, I would personally fill in for them instead.", Task
"Overall, the summer went pretty smoothly with minimal accidents. We didn’t get ANY negative reviews on TripAdvisor for the summer (whereas for the summer before that, we had several for slow service).", Result
"Sure! To give you some context, during university, I had very limited financial aid, and my parents couldn’t help co-pay the rest of the tuition. So, while studying, I also had to work to pay for the university. At the same time, I also took up a lot of extracurricular activities (and internships when possible) to get as much professional work experience as possible before graduating.", Situation
"To keep up with the workload, I realized I had to manage my time very efficiently. So, I set up Google Calendar and got a personal notepad for my daily tasks and responsibilities.", Task
"Through hard work and dedication, I managed to balance studying, a part-time job, and all extracurricular activities. Sure, it was pretty tiring at times, but by the end of each day I would always go over and edit my calendar for the rest of the week. This way, I knew pretty much everything I had to get done daily, and never missed an assignment or a deadline either!", Action
"In the end, I graduated with a 3.7 GPA, no student loans, and a personal design portfolio which landed me my first real job at Company X within a month of graduating.", Result
"Yep! During my internship at Company X, my team and I were supposed to work together and brainstorm new talent sourcing ideas for a client. The client was a large supermarket chain located in a very rural area, so they were struggling to source new talent.", Situation
"Basically our task was to meet on a daily basis, brainstorm and finally settle on 3 great ideas. After a couple of meetings, we did have SOME ideas, but none of them were too exceptional. The management wanted something that they could confidently present to the client (that would, for sure, drive results for them).Some of my teammates wanted to just give up, say “well, here’s our ideas, we don’t have anything else!” and be done with it. Me and another teammate, however, wanted to work on it a bit more and come up with something that WOULD work.There was a LOT of back and forth from there, the tensions were high, and the team kept shutting down all the ideas we were proposing. The deadline was super close, and had to figure out a way to move forward.", Task
"So, I gave it some thought, and realized that we’d forever be in a deadlock if we continued like this. They wouldn’t agree with our approach, and we wouldn’t agree with theirs. So, we decided to bring in an unbiased third party who didn't have any emotional investment here. We then conducted a longer meeting without any time restraints (so we’d get everything done ASAP in a single meeting), where we went through each idea one by one, and the third party acted as a sort of mediator. When someone pitched something, they also had to back it up with as many facts as possible, otherwise it wouldn’t count.", Action
"This really helped bring in something new to the table. The “mediator” helped sort through all the bad ideas, as well as infusing the team with some new energy. We eventually DID end up coming up with completely original ideas, which were also something we all agree upon. We finished the meeting in approx. 2 hours, and the management had 3 awesome ideas they could pitch to the client. The client DID implement one of the ideas, which eventually resulted in 3 new hires.", Result