sentence,label
while working on a project there was a disagreement between team members regarding the allocation of of tasks,Situation
my responsibility was to ensure smooth collaboration and resolve the conflict amicably,Task
I organized a team meeting to openly discuss the concerns and perspectives of each team member. I actively listened to everyone's viewpoints and facilitated a constructive dialogue,Action
by addressing the issues transparently and encouraging compromise we reached a consensus on distribution leading to improve teamwork and project efficiency.,Result
I was assigned to lead a project with a tight deadline and complex requirements,Situation
my objective was to deliver the project on time and within budget while ensuring high quality results.,Task
I conducted thorough planning breaking down the project into manageable tasks and and allocating resources effectively. I regularly communicated with stakeholders to provide updates and address any issues promptly I also motivated and supported my team throughout the process,Action
despite the challenges we successfully completed the project ahead of schedule exceeding client expectations and receiving positive feedback,Result
during a project implementation phase there were unforeseen changes in client requirement,Situation
my task was to quickly assess the impact of the changes and adjust our approach accordingly to minimize disruption,Task
I immediately convened a meeting with the project team to evaluate the implications of the new requirements we brainstormed alternative Solutions restructured the project plan and reassigned responsibilities as needed I also communicated the changes to stakeholders and managed their expectations,Action
despite the unexpected changes we successfully adapted our strategy ensuring the project remained on track and met the client's needs,Result
I was tasked with delivering a marketing proposal for a potential high value client within a 48h hour window,Situation
my goal was to create a comprehensive proposal that met all of the client's requirements and stood stood out competitively,Task
I prioritized the project delegated components of the research and design to trusted team members and managed the compilation and editing of the final document I ensured everyone understood their tasks clearly and set checkpoints for progress reviews,Action
The Proposal was submitted on time and was well received by the client resulting in a new contract worth over $500000,Result
I noticed that the monthly reporting process in my department was taking an excessive amount of time and causing delays in decision making,Situation
My task was to streamline the process to reduce the time required and improve the accuracy of the reports,Task
I analyzed the existing process identified bottlenecks and consulted with stakeholders for their input on necessary improvements I then implemented a new reporting template and automated data collection and consolidation using Advanced Excel functions,Action
the new process reduced the time required for generating reports by 40% and the accuracy of the data improved which facilitated quicker and better informed Decisions by management,Result
in my previous job our team was behind on a crucial project that was key to the company's revenue forecast,Situation
as the project manager it was my responsibility to get the project back on track without overburdening my team,Task
I reassessed the project timeline and resources implemented additional daily check ins for Progress updates and reallocated resources were necessary I also organized brief weekly stress relief sessions to maintain team morale,Action
we not only completed the project on time but also maintained a high team spirit and received commendations from upper management for our resilience,Result
I was appointed as the lead on a new initiative aimed at increasing the efficiency of our Logistics operation,Situation
my goal was to unify various Department efforts to cut Logistics costs by 15%,Task
I established a cross functional team set clear objectives and Milestones and facilitated collaboration through regular meetings and updates I also ensured that all team members had the tools they needed to succeed,Action
the initiative was successful resulting in a 20% reduction in logistics costs and significantly improving operational efficiency,Result
I had to decide whether to discontinue a longstanding but increasingly unprofitable product line,Situation
My task was to analyze the financial impact and potential brand implications of discontinuing the product,Task
after thorough analysis and consultation with key stakeholders holders I decided to phase out the product line and redirect resources to more profitable Ventures,Action
this decision led to a 10% increase in overall profitability the following fiscal year and allowed us to innovate and launch a more competitive product offering,Result
at my previous job I was simultaneously managing three major client accounts each with unique demands,Situation
my task was to keep all projects on track without sacrificing quality or client satisfaction,Task
I used Advanced project management tools to keep track of all tasks and deadlines prioritize daily goals based on urgency and importance and communicated openly with clients about progress,Action
all three projects were delivered on time received positive feedback from the clients and resulted in renewed contracts,Result
I was paired with a colleague known for having a challenging attitude and poor cooperation in team settings,Situation
Despite our differences my task was to collaborate effectively with this colleague on a critical project,Task
I approached the situation with empathy seeking to understand my colleagues perspectives and motivations I scheduled regular check-ins with them and acknowledged their contributions in team meetings,Action
the project was successful and the colleagues attitude improved significantly enhancing Team Dynamics,Result
I was responsible for launching a new product that unfortunately did not meet sales expectations,Situation
my task was to analyze the failure and implement solutions to avoid future losses,Task
I conducted a thorough market analysis solicited feedback from customers and held a series of team debriefs to understand what went wrong,Action
I learned the importance of more rigorous Market testing and clearer communication of customer value propositions these insights have been crucial in subse quent successful product launches,Result
During a severe Staffing shortage I noticed that our customer service response times were suffering,Situation
although it was beyond my regular duties I aim to maintain our customer service standards,Task
I volunteered to take on additional shifts and train temporary staff to help handle the workload,Action
my actions helped stabilize team performance during the Staffing crisis maintained customer satisfaction and eventually contributed to a 10% Improvement in service ratings,Result
in my previous role as a marketing manager I faced resistance from the sales team regarding a new inbound Market strategy I proposed,Situation
my objective was to convince the sales team that this new strategy would generate more qualified leads than traditional methods,Task
I organized a detailed presentation that included case studies projected outcomes and statistical evidence supporting the efficacy of inbound marketing I also proposed a 3-month trial period to measure the effectiveness of the strategy,Action
the sales team agreed to the trial after 3 months we saw a 35% increase in qualified leads leading to a permanent adoption of the strategy,Result
I was newly appointed to manage a project that involved Advanced CRM software I was not familiar with,Situation
I needed to quickly Master the software to effectively manage the project and Lead my team,Task
I dedicated after hours to intensive learning utilizing online tutorials and sought advice from colleagues who were proficient with the software I also arranged a few sessions with our it Department to speed up my learning curve,Action
within 2 weeks I was proficient enough to use the software effectively which enabled me to lead the project without delays the project was a success and completed on schedule,Result
a customer contacted our service center unhappy with the delayed delivery of a product which was crucial for their business operations,Situation
my task was to resolve the issue and ensure the customer satisfaction,Task
I apologized for the inconvenience investigated the delay and discovered it was due to a logistic error I expedited the shipping at no extra cost to the customer and offered a discount on their next purchase,Action
the customer was very pleased with the resolution and later left a positive review online regarding our customer service,Result
I was tasked with leading a project team to develop a new consumer product,Situation
as the project leader my role was to guide the team through the Project Life Cycle from conception to launch,Task
I organized weekly meetings to track progress set deadlines and delegate tasks based on individual strengths I maintained open lines of communication and provided support and feedback when needed,Action
the project was completed 3 weeks ahead of schedule and under budget the product launch was successful resulting in a 20% increase in company Revenue within the first quarter of release,Result
during a period of budget cuts my team was required to complete our objectives with significantly reduced Financial Resources,Situation
i ensured the quality of our output did not decrease despite the limited resources,Task
i reevaluated our project goals and resources prioritized essential tasks and sought alternative costeffective solutions for necessary expenditures I also encourag the team to innovate and use more efficient processes,Action
we successfully met our project goals with high standards and my team's ability to adapt was praised by the company leadership,Result
in my previous role I was in charge of closing the quarterly books while also managing an internal audit,Situation
I had to ensure both critical tasks were completed efficiently without compromising accuracy,Task
I prioritize my daily activities by urgency and importance delegated parts of the audit to trusted team members and set up strict but realistic deadlines for all tasks involved,Action
both the quarterly close and the internal audit were completed 2 days ahead of schedule which was a first for our department,Result
I was responsible for presenting a complicated Financial forecast to stakeholders who did not have a finance background,Situation
my goal was to simplify the information so that all stakeholders could easily understand understand the data and make informed decisions,Task
I used clear non-technical language and visual aids such as charts and graphs to illustrate the key points I also prepared a queue and a document to address potential questions,Action
the presentation was well received and the stakeholders expressed appreciation for making the complex data accessible and understandable which facilitated a productive discussion on future financial planning,Result
I noticed that team morale was low due to ongoing stress and high workload,Situation
as the team leader it was important for me to improve morale and motivate my team,Task
I initiated weekly windown sessions where team members could share their concerns and successes I also implemented a recognition program that highlighted team members contributions,Action
these actions significantly boosted morale decreased stress levels and increased productivity by 25 percent,Result
two team members had a disagreement that was affecting the Project's progress and Team Dynamics,Situation
as their supervisor I needed to address the conflict and restore collaboration and Harmony within the team,Task
I scheduled a private meeting with each team member to understand their perspectives and concerns then I facilitated a joint meeting where both individuals could express themselves in a structured and respectful manner I encouraged active listening and facilitated a compromise that addressed the underlying issues,Action
the conflict was resolved and both team members were able to work together effectively leading to improved team cohesion and productivity,Result
one of my team members was consistently missing deadlines and producing subpar work,Situation
as their supervisor I needed to address these performance issues and provide constructive feedback,Task
I scheduled a private meeting with the team member to discuss their performance objectively and provide specific examples of areas needing Improvement I offered support and resources to help them meet expectations and set clear goals and timelines for improvement,Action
the team member appreciated the feedback and was motivated to improve their performance over time their work quality and timeliness improved significantly benefiting both the individual and the team,Result
our company underwent a major reorganization resulting in changes to team structures and job roles,Situation
as a team leader my task was to guide my team through the transition ensuring Clarity support and morale,Task
I communicated openly and transparently with my team about the changes addressing any concerns or uncertainties they had I provided regular updates on the transition process and offered support and training to help team members adapt to their new roles I also encouraged a positive mindset and resilience in the face of change,Action
despite initial challenges my team successfully adapted to the changes maintain productivity and even identified new opportunities for collaboration and growth within the reorganization structure,Result
I was leading a project with tight deadlines and limited resources while simultaneously being tasked with supporting another urgent project,Situation
my task was to effectively manage both projects without compromising quality or timelines,Task
I prioritize tasks based on urgency and impact delegating responsibilities were possible and leveraging resources efficiently I also communicated openly with stakeholders about the competing priorities and managed expectations regarding deliverables,Action
despite the challenges both projects were completed successfully and on time demonstrating my ability to manage competing priorities effectively,Result
I was faced with the critical decision regarding whether to pursue a new business opportunity with incomplete Market data and uncertain Financial projections,Situation
I was to weigh the risks and potential benefits and make an informed decision under uncertainty,Task
I conducted thorough research and Analysis using available data and consulted with industry experts to gather addition insights I also considered the potential consequences of both pursuing and not pursuing the opportunity,Action
after careful consideration decided to pursue the opportunity which ultimately led to a successful partnership and increased revenue for the company,Result
our company's website experienced a significant ific outage due to a complex technical issue with the server infrastructure,Situation
as the it manager my task was to identify and resolve the issue promptly to minimize downtime and mitigate the impact on users,Task
I assembled a cross functional team of it experts to troubleshoot the issue systematically conducting thorough Diagnostics and Analysis of server logs we collaborated closely with the hosting providers 14 team and implemented temporary workarounds to restore service while investigating the root cause,Action
through diligent efforts and effective collaboration we successfully resolved the technical issue restored full functionality to the website and implemented preventive measures to minimize the risk of similar incidents in the future,Result
I was assigned to manage a client account where the relationship had become strained due to miscommunications and unmet expectations,Situation
I was to rebuild Trust address the client's concerns and Salvage the relationship,Task
I initiated a series of face-to-face meetings with the client to listen to their grievances acknowledge their concerns and demonstrate our commitment to resolving issues and delivering value I proactively communicated with the client throughout the Project Life Cycle providing regular updates and seeking feedback to ensure alignment,Action
through proactive communication transparency and a commitment to exceeding expectations we were able to rebuild trust with the client strengthen the relationship and ultimately secure additional business opportunities,Result
I was leading a team on a project with multiple deliverables and tight deadlights,Situation
my task was to delegate tasks efficiently to ensure that each team member skills were utilized effectively and that all project Milestones were met,Task
I conducted a thorough assessment of each team member strengths skills and workload capacity based on this assessment I assigned tasks to team members ensuring a balance of responsibilities and opportunities for skill development I provided clear instructions deadlines and resources to support their efforts,Action
by delegating tasks effectively we were able to meet project deadlines achieve our objectives and develop a stronger sense of teamwork and collaboration within the team,Result
our marketing campaign was not generating the expected and we needed to find a creative solution to increase customer engagement,Situation
I had to brainstorm innovative ideas and strategies to revitalize the campaign and Achieve our marketing objectives,Task
I organized a brainstorming session with the marketing team encouraging open dialogue and IDE sharing we explored unconventional approaches such as leveraging social media influencers gamification elements and interactive content to enhance the campaign's appeal and reach,Action
by implementing creative strategies inspired by our brainstorming session we were able to significantly increase customer engagement Drive brand awareness and Achieve our marketing goals,Result
our company faced a major setback when a key supplier abruptly terminated their contract jeopardizing our production schedule and customer orders,Situation
my task was to mitigate the impact of the supplier withdrawal find alternative Solutions and ensure minimal disruption to our operations and customer commitments,Task
I immediately convened a crisis management team to assess and explore alternative suppliers we negotiated expedited contracts with new suppliers and reorganized production schedules to prioritize urgent orders I also communicated transparently with our customers about our efforts to address it,Action
despite the challenging circumstances we successfully secured new suppliers minimum delays in production and maintained customer satisfaction this experience reinforced the importance of resilience and proactive crisis Management in ensuring business continuity,Result
a key client urgently needed a product modification to meet new regulatory requirements but our standard company protocol did not permit such rapid changes,Situation
I was willing to find a way to fulfill the client's needs without compromising company standards,Task
I elaborated with the product development and legal teams to assess the feasibility of accelerating the modification process after ensuring compliance with all legal and safety standards I proposed a revised protocol that allowed for expedited changes under specific circumstances,Action
The Proposal was accepted and we successfully implemented the product modifications in time to meet the client's deadline this not only satisfied the client but also led to a review and update of our protocols improving our responsiveness for future special requests,Result
two Department in our company were in conflict over resource allocation which was affecting project timelines,Situation
as the product manager I had to find a solution acceptable to both parties,Task
I organized a series of meetings to facilitate discussions between the department heads by actively listening to each side's concerns and priorities I helped outline potential compromises I then negotiated a redistribu ution of resources that align more closely with current project priorities and departmental capacities,Action
the agreement was implemented resulting in improved interdepartmental cooperation and adherence to project schedules the conflict resolution also set a precedent for future resource negotiations fostering a more collaborative company culture,Result
we were tasked with launching a new product within a time frame that was 30% shorter than usual due to Market pressures,Situation
as the team leader I had to ensure the project was completed on time without sacrificing quality,Task
I restructured the project plan to focus on Parallel task execution and identified key areas where external contractors could expedite progress I held daily St stand up meetings to keep the team aligned and motivated addressing bottlenecks immediately as they arose,Action
the project was completed 2 days ahead of the tight deadline and the product launch was a success this approach not only met our immediate goals but also helped us refine our project management processes for future high pressure projects,Result
our customer feedback collection methods were outdated and inefficient leading to delayed responses and missed improvement opportunities,Situation
my task was to overhaul our feedback mechanisms to enhance responsiveness and utility,Task
researched and proposed the adoption of a digital feedback tool that integrated directly with our CRM system after securing approval I led the implementation including training for staff on how to use the new system effectively,Action
the new system reduced the average response time from 3 weeks to 3 days and significantly improved customer satisfaction scores the integration also provided richer data for our continuous improvement programs,Result
during a critical product launch our main server crashed putting the entire operation at risk,Situation
as the project lead I had to quickly restore operations while maintaining team morale,Task
I coordinated a rapid response team to troubleshoot and fix the server while setting up temporary workarounds for the launch Team I communicated regularly with all stakeholders to keep them informed and manage expectations,Action
we restored full functionality within hours and the product launch proceeded with only minimal delays this incident prompted us to upgrade our it infrastructure and crisis response protocols significantly reducing the risk of future outages,Result
our company adopted a new software system that was crucial for my Department's operations and we had only 1 month month to transition fully,Situation
as a department head I needed to ensure not only my proficiency but also that of my entire team in the new software,Task
I spearheaded a crash training program which included external trainers tailored tutorials and daily practice sessions I personally spent extra hours each day mastering the software to lead by example and support my team effectively,Action
the department transition smoothly to the new system by the deadline our efficiency improved due to the software's capabilities and the teams quick adaptability was recognized by Senior Management reflecting positively on our department,Result
our company was acquired leading to an overhaul of many of our core processes and systems,Situation
as a manager it was crucial that I facilitate a smooth transition for my team ensuring they remain productive and engaged,Task
I maintained open lines of communication with my team providing updates about changes and what they meant for our day-to-day operations I organized workshops and training sessions to ensure everyone was comfortable and proficient with new systems,Action
my team adapted well to the changes maintaining their performance levels and even finding new efficiencies in the updated processes the successful adaptation helped alleviate anxiety about the acquisition within the team stabilizing morale,Result
our company faced a sudden shortfall in Staffing during a critical phase of a high-profile project due to flu season,Situation
although my role didn't typically include project management I needed to step in to keep the project on track,Task
I took on additional responsibilities coordinating between different departments and managing Communications with key stakeholders I worked extra hours and also facilitated remote work options for sick team members where possible,Action
the project met all Milestones on schedule and came under budget my initi itive and flexibility were recognized in my performance review and were cited as a key factor in the project success,Result
we needed to decide whether to increase production of a particular product line based on varying Market signals,Situation
as the data analyst it was my job to provide a clear recommendation Based on data,Task
I compiled data from sales market trends and customer feedback and used statistical tools to analyze patterns and predict future demand I presented the findings to the executive team with visual aids and detailed reports,Action
the decision to ramp up production was made based on my analysis and led to a 20% increase in sales without significant inventory Surplus this success demonstrated the value of data G decisionmaking in our strategic processes,Result
a marketing campaign that did not meet its projected outcomes resulting in negative feedback from the client,Situation
my task was to address the failure learn from it and restore confidence with the client,Task
I conducted a thorough review of The Campaign identifying key areas for improvements such as Target segmentation and messaging I met with the client to discuss our findings and our plan for future campaigns,Action
the client appreciated our honesty and the lessons we had learned from the campaign they agreed to a revised approach for the next Campaign which subsequently exceeded expectations and helped cement a long-term relationship with the client,Result
my team was tasked with organizing a companywide training program on a tight budget,Situation
my objective was to deliver effective training while optimizing resources and minimizing costs,Task
I conducted thorough research to identify cost-effective training materials and venues I also negotiated discounts with training providers and leveraged internal expertise to develop customized training modules additionally I encouraged virtual training sessions to reduce travel expenses,Action
despite the budget constraints we successfully delivered high quality training sessions that received positive feedback from participants by maximizing value for money we achieved our training objectives while staying within budget,Result
our team was tasked with implementing a complex software upgrade within a tight time frame,Situation
as the project manager my task was to keep the team motivated and focused despite the challenges,Task
I regularly communicated the importance of the project and its impact on the company's objectives I recognized and celebrated small Milestones to maintain morale and provided support and encouragement during stressful periods I also encouraged open communication and solicited input from team members to address any concerns or obstacles,Action
despite the Project's challenges the team remained motivated and committed leading to the successful implementation of the software upgrade on schedule the positive team spirit fostered during the project continued to benefit future initiatives,Result
A dissatisfied customer contacted us regarding a defective product they had purchased,Situation
my task was to address the customers's concerns and resolve the issue to their satisfaction,Task
I listened attentively to the customers complaints empathized with their frustration and apologized for the inconvenience I then offered various Solutions including a replacement product a refund or repair services depending on the customer's preference I ensured prompt resolution and followed up to confirm the customer's satisfaction,Action
the customer appreciated our responsiveness and willingness to rectify the result leading to a positive resolution of the issue and the restoration of their confidence in our company,Result
our team was assigned a project with a shortened timeline due to unexpected Market demands,Situation
my task was to ensure that we met the aggressive deadline without compromising the quality of our work,Task
I conducted a thorough analysis of the project requirements and resources available I then developed a detailed project plan with clear milestones and allocated tasks efficiently to team members throughout the project I monitored progress closely addressed any issues promptly and provided support and resources as needed to maintain quality standards,Action
despite the tight deadline we successfully completed the project on time and within budget meeting all quality requirements our ability to deliver high quality work Under Pressure impressed both the client and Senior Management,Result
our company embarked on a cross functional initiative to streamline our supply chain processes,Situation
my task was to collaborate with colleagues from procurement Logistics and Manufacturing departments to identify an efficiencies and Implement Improvement initiatives,Task
I organized regular cross functional meetings to facilitate collaboration and information sharing I encouraged open communication and brainstorming sessions to generate ideas for process Improvement I also leveraged technology platforms to streamline communication and document sharing among team members,Action
through effective collaboration we identified several opportunities for process optimization and implemented changes that resultedin cost saving and improved efficiency across the supply chain,Result
our company was considering expanding into a new market but we lacked comprehensive market research data,Situation
my task was to make an informed decision about whether to pursue the expansion despite the uncertainty,Task
I conducted preliminary research to gather available data on market trends competitor analysis and consumer preferences I consulted with industry experts and sought input from Key stakeholders within the company based on the information available I developed arisk analysis and presented it to Senior Management for consideration,Action
the decision was made to proceed with the expansion based on the analysis presented while there was some uncertainty our proactive approach to risk management helped mitigate potential challenges and the expansion ultimately proved successful,Result
Midway through a software development project the client requested significant changes to the application's functionality,Situation
my task was to assess the impact of the changes and adjust our project plan accordingly to accommodate the new requirements,Task
convened a meeting with the project team to discuss the client requests and evaluate its feasibility within the project timeline and budget we conducted a thorough analysis of the changes identified potential risks and dependencies and developed a revised project plan that incorporated the new requirements,Action
despite the unexpected changes we successfully implemented the requested modifications without significantly impacting the project timeline or budget our flexibility and ability to adapt to changing requirements strengthened our relationship with the client and demonstrated our commitment to delivering value,Result
two team members had a disagreement regarding the allocation of projects which was affecting team morale and productivity,Situation
my task was to facilitate a resolution to the conflict and restore positive working relationships within the team,Task
I arranged a meeting with the involved parties to discuss their perspectives and concerns openly I listened actively to each team member ensuring that they felt heard and understood I then facilitated a collaborative discussion to find a mutually acceptable solution to the disagreement I encouraged compromise and emphasized the importance of teamwork and Collective goals,Action
through open communication and constructive dialogue we were able to resolve the conflict amicably the team members involved in the disagreement gained a better understanding of each other's viewpoints leading to improved collaboration and a more positive team Dynamic,Result
I was responsible for managing several projects with overlapping deadlines and competing resource demands,Situation
my task was to prioritize tasks effectively and allocate resources efficiently to ensure that all projects were completed on time and to the expected quality standards,Task
I developed a comprehensive scheduling and resource allocation plan assessing the urgency and impact of each project I communicated openly with project stakeholders to manage expectations and adjusted priorities as necessary based on changing circumstances I also implemented regular check-ins with project teams to monitor progress and address any issues proactively,Action
through careful planning and ProActive Management I successfully managed the competing priorities ensuring that all projects were completed on schedule and met the desired outcomes this experience enhanced my skills in priority management and multitasking,Result
we needed to integrate a new software tool into our workflow that none of the team members were familiar with,Situation
I had to quickly learn this new software Ware tool and then train the rest of the team,Task
I took the initiative to enroll in an online course and spend extra hours learning the software I created comprehensive training materials and organized workshops for my team,Action
with the knowledge I gained I was able to effectively train the team which enabled us to integrate the new tool seamlessly into our workflow the project was a success and significantly improved our productivity,Result
